{"cameraMode":{"drawMode":0,"name":"Shaded","section":"Shading Mode"},"sceneLighting":true,"audioPlay":false,"sceneViewState":{"showFog":true,"showMaterialUpdate":true,"showSkybox":true,"showFlares":true,"showImageEffects":true,"showParticleSystems":true},"in2DMode":false,"pivot":{"x":36.793758392333987,"y":67.06641387939453,"z":34.58536911010742},"rotation":{"x":-0.19770124554634095,"y":-0.41992324590682986,"z":0.09425805509090424,"w":-0.8807423114776611},"size":10.449999809265137,"orthographic":false}